timestamp,question,answer,rating
2026-07-31 15:56:17,Hi what services do u offer,"Hello! The Inland Revenue Department (IRD) administers domestic taxes, levies, licences, and related taxpayer services in Anguilla.

Our services include:
*   **Goods and Services Tax (GST)**
*   **General Services Tax**
*   **Universal Social Levy (USL)**
*   **Property Tax**
*   **Business and Liquor Licences**
*   **Motor Vehicle and Driver's Licences**
*   **Certificates of Good Standing**
*   **Taxpayer support, forms, and payment processing**

You can find more detailed information about these services on our official website at https://ird.gov.ai/services. 

How can I assist you with any of these today?",Helpful
2026-07-31 16:02:47,what services ypu offer,"The Inland Revenue Department (IRD) administers domestic taxes, levies, licences, and related taxpayer services in Anguilla. Our services include:

*   **Goods and Services Tax (GST)**
*   **General Services Tax**
*   **Universal Social Levy (USL)**
*   **Property Tax**
*   **Business and Liquor Licences**
*   **Motor Vehicle and Driver's Licences**
*   **Certificates of Good Standing**
*   **Taxpayer support, forms, and payment processing**

You can find more information about these services on our official website at https://ird.gov.ai/services. 

How can I assist you with any of these specific services today?",Helpful
