timestamp,topic,language,form_requested,is_escalated,user_question,assistant_answer
2026-08-05 11:59:24,General Inquiry,en,None,False,Where is the IRD located?,"The Inland Revenue Department is located on the ground floor of the Former NBA Building, The Valley, Anguilla."
2026-08-05 12:01:17,General Inquiry,en,FORM,False,I dont know how to fill out my form,"I understand that you need assistance with completing your form.

To help you correctly, could you please tell me which form you are working on? 

Please note that I cannot complete the form for you or provide legal advice, but I can provide general guidance on the information required or direct you to the appropriate department for further assistance. 

If you are having trouble with a specific section, please let me know which form it is, and I will do my best to provide you with the relevant instructions or guide you to the right resources. 

**Important:** Please do not share any personal information, such as your Tax Identification Number (TIN), account details, or sensitive personal data, in this chat."
2026-08-08 21:35:27,General Inquiry,en,None,False,hi,"Hello! I am A.I.D.A., the Inland Revenue Department (IRD) Customer Service Assistant. I am here to provide you with information regarding IRD services, such as:

*   **Goods and Services Tax (GST) and General Services Tax**
*   **Property Tax**
*   **Business and Liquor Licences**
*   **Vehicle Licences**
*   **Universal Social Levy (USL)**
*   **Online Tax Services**

Please note that I do not have access to your personal taxpayer records, account balances, or filing history, and I cannot process applications or payments.

How can I assist you today?"
2026-08-08 21:37:12,General Inquiry,en,None,True,live chat,"Hello! I am an automated assistant for the Inland Revenue Department (IRD) of Anguilla. While I do not have a live human agent available to chat directly through this interface, I am here to provide you with information regarding IRD services, procedures, and guidance.

If you require assistance with a specific account, need to speak with an officer, or have a complex enquiry that I cannot address, please contact the Inland Revenue Department directly:

*   **Telephone:** 264-497-8334
*   **Email:** inlandrevenue@gov.ai
*   **Office Location:** Ground floor of the Former NBA Building, The Valley, Anguilla.
*   **Office Hours:** Monday to Friday, 8:00 a.m. to 3:00 p.m.

How can I assist you with your enquiry today?"
2026-08-08 21:46:19,General Inquiry,en,None,False,hi,"Hello! How can I assist you with Inland Revenue Department services today? I can provide information on topics such as:

*   Goods and Services Tax (GST) and General Services Tax
*   Property Tax
*   Business and Liquor Licences
*   Vehicle Licences
*   Universal Social Levy (USL)
*   Online portal services and general procedures

Please let me know how I can help you."
