id,intent,category,language,question,answer,keywords,response_type,requires_human,action_url,source_url,review_status
1,department_services,general_information,en,What services does the Inland Revenue Department provide?,"The Inland Revenue Department administers domestic taxes, levies, licences and related taxpayer services in Anguilla. These include General Services Tax, Universal Social Levy, Property Tax, Business and Liquor Licences, vehicle and driver's licence services, Money Transmission Levy, Certificates of Good Standing, taxpayer registration, forms, payments and online account support. The IRD website also keeps information and forms for legacy Goods and Services Tax periods and outstanding Accommodation Tax periods.",services|taxes|licences|licenses|IRD services|what does IRD do|General Services Tax|Universal Social Levy|Property Tax|Business Licence|Liquor Licence|vehicle licence|driver licence|Money Transmission Levy|Certificate of Good Standing,information,no,https://ird.gov.ai/services,https://ird.gov.ai/services,verified_against_official_source_2026_07_31
2,office_contact_location,contact_information,en,What are the IRD office hours and contact details?,"The Inland Revenue Department is open Monday to Friday from 8:00 a.m. to 3:00 p.m. It is located at the Former NBA Building, P.O. Box 60, The Valley, Anguilla. Telephone: +1 (264) 497-8334. Email: inlandrevenue@gov.ai.",contact|phone|telephone|email|office hours|opening hours|location|address|Former NBA Building|The Valley|497-8334|inlandrevenue@gov.ai,information,no,https://ird.gov.ai/Home/Contact,https://ird.gov.ai/Home/Contact,verified_against_official_source_2026_07_31
3,forms_and_guides,forms,en,Where can I find IRD forms and guides?,Official IRD forms and guides are available on the Forms and Guides page. The current list includes: Accommodation Tax Register; Application for a New Driver's Licence; Application for Certificate of Good Standing; Application for Closure of Business; Application for Special Liquor Licence; Business Licence Application Form; Business Licence Renewal Application; Credit Card Authorisation Form; Driver's Licence Renewal Form; F1 Registration for an Individual; F2 Registration for an Individual Enterprise; F3 Registration for a Non-Individual Enterprise; General Services Tax Return Form; Goods and Services Tax Deregistration Form; GST Application of Cancellation; GST Return Form; Property Valuation Objection Form; Temporary Driver's Licence Register; USL Employee Form; USL Self-Employed Form; Vehicle Registration Form; and Vehicle Transfer Form.,forms|guides|download form|Accommodation Tax Register|new driver's licence|Certificate of Good Standing|Closure of Business|Special Liquor Licence|Business Licence Application|Business Licence Renewal|Credit Card Authorisation|Driver's Licence Renewal|F1|F2|F3|General Services Tax Return|GST Deregistration|GST Cancellation|GST Return|Property Valuation Objection|Temporary Driver's Licence|USL Employee|USL Self-Employed|Vehicle Registration|Vehicle Transfer,link,no,https://ird.gov.ai/Forms,https://ird.gov.ai/Forms,verified_against_official_source_2026_07_31
4,taxpayer_registration,registration,en,How do I register as a taxpayer?,"Select the registration form that matches your situation: F1 for an individual, F2 for an individual enterprise, or F3 for a non-individual enterprise. Complete the form and submit the required identification and supporting documents to the IRD.",register taxpayer|taxpayer registration|new taxpayer|tax registration|TIN|tax identification number|F1|F2|F3,link,no,https://ird.gov.ai/Forms,https://ird.gov.ai/Services/Tax/business_licence,verified_against_official_source
5,new_business_licence,business_licence,en,How do I apply for a new business licence?,"A person who wants to operate a business must first apply to the Commerce Unit in the Ministry of Finance for a Business Licence. After approval, the business owner must register the business with the IRD and pay the required fees. The IRD then issues the business licence certificate.",new business licence|new business license|start business|open business|register business|business application,link,no,https://ird.gov.ai/Forms,https://ird.gov.ai/Services/Tax/business_licence,verified_against_official_source
6,business_licence_renewal,business_licence,en,When and how do I renew a business licence?,Business licences are valid until December 31 of the year issued and must be renewed annually. The IRD states that business licence renewals are due by January 31. Complete the Business Licence Renewal Application and submit the supporting documents requested on the form.,renew business licence|renew business license|business renewal|licence expired|license expired|January 31,link,no,https://ird.gov.ai/Forms,https://ird.gov.ai/Home/Rights,verified_against_official_source
7,business_licence_fee,business_licence,en,How much does a business licence cost?,"Business licence fees vary according to the nature of the business or activity. A standard EC$50 fee applies to a new Business Licence application, but the operating licence fee depends on the business classification. Contact the IRD for the amount that applies to your business.",business licence fee|business license fee|business licence cost|business license cost|how much is a licence,information_and_escalation,yes_if_exact_fee_needed,https://ird.gov.ai/Home/Contact,https://ird.gov.ai/Home/Rights,verified_against_official_source
8,goods_and_services_tax_definition,gst,en,"What was the former Goods and Services Tax, and what replaced it?","The former Goods and Services Tax applied to imports and to goods and services supplied by registered businesses from July 1, 2022. On August 1, 2025, Anguilla introduced the General Services Tax for taxable services and a separate Goods Tax for imported goods. Legacy GST forms remain relevant for earlier periods, deregistration and cancellation matters.",former GST|old GST|Goods and Services Tax|replaced GST|legacy GST|July 2022|August 2025|General Services Tax|Goods Tax,information,no,https://ird.gov.ai/Services/Tax/GenST,https://ird.gov.ai/Services/Tax/gst,verified_against_official_source_2026_07_31
9,general_services_tax_definition,general_services_tax,en,What is General Services Tax?,"General Services Tax is the current tax on taxable services supplied domestically by registered businesses. The standard rate is 13%. Businesses charge the tax on taxable services and remit the amount collected to the Government of Anguilla. The regime came into force on August 1, 2025.",General Services Tax|current GST|GST 13 percent|tax on services|August 1 2025|taxable services,information,no,https://ird.gov.ai/Services/Tax/GenST,https://ird.gov.ai/Services/Tax/GenST,verified_against_official_source_2026_07_31
10,tax_type_clarification,gst,en,How do I know which GST or tax return applies to my business?,"Check the tax accounts shown in your IRD portal and the nature of your business activities. General Services Tax applies to taxable services supplied by registered businesses, while Goods Tax applies to imported goods. Most service businesses use the EC$300,000 annual registration threshold, but some sectors must register regardless of turnover. Contact the IRD before filing if your account, sector or return type is unclear.",which GST return|which tax return|General Services Tax or Goods Tax|wrong return|active tax account|registration threshold|EC$300000,escalation,yes,https://ird.gov.ai/Home/Contact,https://ird.gov.ai/Services/Tax/GenST,verified_against_official_source_2026_07_31
11,monthly_tax_return_due_date,deadlines,en,When is my monthly GST or General Services Tax return due?,"General Services Tax returns and payments are due on or before the 20th day of the following month. If the 20th falls on a weekend or public holiday, the deadline moves to the next working day. The August 2025 first return received a one-time extension to September 30, 2025; that exception does not change the normal monthly rule.",GST due date|General Services Tax due|20th of month|monthly return|payment deadline|next working day|September 30 2025 extension|August 2025 return,link,no,https://ird.gov.ai/Calendar,https://ird.gov.ai/News/Article/Press_Release_-_GST_Filing_Extension,verified_against_official_source_2026_07_31
12,file_tax_return_online,online_portal,en,How do I file a tax return online?,"Sign in to the Anguilla MyGovernment Portal, open the IRD Portal and select the taxpayer or business you represent. Your active taxes and licences will be displayed. Select the relevant tax account and follow the filing instructions. Contact the IRD if the account or return does not appear.",file online|online filing|submit return|tax return portal|how to file|IRD portal filing,link,no_unless_account_missing,https://services.gov.ai,https://ird.gov.ai/home/onlineportal,verified_against_official_source
13,usl_definition,usl,en,What is the Universal Social Levy and who pays it?,"The Universal Social Levy, formerly called the Interim Stabilisation Levy, is a 3% levy on the gross salary or wages of employees earning over EC$2,000 per month. Employers match 3% on remuneration up to EC$12,000 per month. Self-employed persons pay 6% on gross earnings once earnings exceed EC$2,000 per month.",what is USL|Universal Social Levy|ISL|Interim Stabilisation Levy|who pays USL|USL rate,information,no,https://ird.gov.ai/Services/Tax/usl,https://ird.gov.ai/Services/Tax/usl,verified_against_official_source
14,usl_due_date,usl,en,When is the Universal Social Levy return and payment due?,Employers and self-employed persons should file the USL return and make payment no later than 10 days after the end of each calendar month. Check the IRD Tax Calendar for the exact working-day deadline.,USL due|USL deadline|when is USL due|levy payment date|10th of month,link,no,https://ird.gov.ai/Calendar,https://ird.gov.ai/Services/Tax/usl,verified_against_official_source
15,usl_late_filing_penalty,penalties,en,What happens if a USL return or payment is late?,"A late USL return may attract a penalty of EC$50 per day, up to EC$2,000 per month. Interest of 1% per month may also apply to outstanding amounts. Contact the IRD for an account-specific balance or assessment.",USL late|USL penalty|late levy|USL interest|missed USL deadline,information_and_escalation,yes_if_account_specific,https://ird.gov.ai/Home/Contact,https://ird.gov.ai/Services/Tax/usl,verified_against_official_source
16,late_payment_general,penalties,en,What happens if I file or pay late?,"Late filing or payment can result in penalties and interest, but the rules differ by tax or licence. For example, General Services Tax and Universal Social Levy have their own published late-filing and late-payment rules. Check the current return guide and Tax Calendar, and contact the IRD for an account-specific assessment.",late filing|late payment|penalty|interest|surcharge|overdue return|overdue tax|missed deadline,information_and_escalation,yes_if_account_specific,https://ird.gov.ai/Home/Contact,https://ird.gov.ai/Calendar,verified_against_official_source_2026_07_31
17,property_tax_due_dates,property_tax,en,When is Property Tax due?,"Property Tax may be paid in two instalments. The first instalment is due on or before June 1, and the second instalment is due on or before December 1 each year.",property tax due|property tax deadline|June 1|December 1|property payment,information,no,https://ird.gov.ai/Services/Tax/property_tax,https://ird.gov.ai/Services/Tax/property_tax,verified_against_official_source
18,property_tax_bill_missing,property_tax,en,What should I do if I did not receive my Property Tax bill?,You can obtain a Property Tax bill from the IRD. Property Tax officers can also help update your information so that you can receive future bills.,no property tax bill|did not receive bill|missing tax bill|property bill copy|update property details,escalation,yes,https://ird.gov.ai/Home/Contact,https://ird.gov.ai/Services/Tax/property_tax,verified_against_official_source
19,property_tax_senior_exemption,property_tax,en,Is there a Property Tax exemption for seniors?,"A Senior Exemption is available to Anguilla Belongers who are 65 years or older and meet the ownership requirements. Applicants should visit the IRD with government-issued identification, proof of Belonger status and evidence of property ownership.",senior exemption|property tax exemption|over 65|elderly property tax|Belonger exemption,information_and_escalation,yes_for_application,https://ird.gov.ai/Home/Contact,https://ird.gov.ai/Services/Tax/property_tax,verified_against_official_source
20,vehicle_licence_process,vehicle_licence,en,How do I license or renew a vehicle?,"Vehicle licensing is scheduled according to the last digit of the vehicle's registration number. Take the vehicle to the MICUHT Vehicle Inspection Centre for examination. If it is roadworthy, you will receive a signed inspection certificate. Present the certificate to the IRD cashier, pay the licensing fee and collect the receipt and licence decal.",vehicle licence|vehicle license|renew vehicle licence|registration last digit|vehicle inspection|MICUHT|licence decal|license sticker,information,no,https://ird.gov.ai/Services/Details/3,https://ird.gov.ai/Services/Details/3,verified_against_official_source_2026_07_31
21,vehicle_registration_transfer_forms,vehicle_licence,en,"Where can I find vehicle registration, transfer or replacement forms?","The IRD Forms and Guides page includes the Vehicle Registration Form, Vehicle Transfer Form, and the Application for Replacement Plates and Sticker.",vehicle registration form|vehicle transfer form|replacement plate|replacement sticker|vehicle form,link,no,https://ird.gov.ai/Forms,https://ird.gov.ai/Services/Details/3,verified_against_official_source
22,driver_licence_forms,driver_licence,en,Where can I find a driver's licence application or renewal form?,"The IRD Forms and Guides page includes the Application for a New Driver's Licence, the Driver's Licence Renewal Form and the Temporary Driver's Licence Register.",driver licence form|driver license form|renew driver's licence|new driver's licence|temporary licence,link,no,https://ird.gov.ai/Forms,https://ird.gov.ai/Forms,verified_against_official_source
23,online_portal_services,online_portal,en,What can I do through the IRD online portal?,"The IRD portal allows taxpayers to manage the tax and licence accounts available to them, including filing returns, making eligible payments, viewing obligations, updating account information, managing representatives and receiving notifications. The exact services shown depend on the taxpayer's active accounts. Contact the IRD if an expected account or return is missing.",online portal services|file online|pay online|view obligations|update account|tax accounts|representatives|notifications|missing account,information,no,https://services.gov.ai,https://ird.gov.ai/home/onlineportal,verified_against_official_source_2026_07_31
24,online_portal_registration,online_portal,en,How do I register for the IRD online portal?,"Go to services.gov.ai, select Register, complete the registration and confirm your account. The IRD states that it will email confirmation and an authorization code. Use the code when you first enter the IRD Portal.",register portal|create portal account|sign up online|authorization code|authorisation code|services.gov.ai,link,no_unless_code_not_received,https://services.gov.ai,https://ird.gov.ai/home/onlineportal,verified_against_official_source
25,payment_methods,payments,en,How can I pay taxes or fees to the IRD?,"Payments can be made at the IRD office by cash, cheque, Visa or MasterCard debit or credit card. Payments may also be made online through the E-pay Portal or to the Government of Anguilla bank accounts listed on a Notice of Assessment.",pay taxes|payment methods|pay online|cash|cheque|credit card|debit card|bank transfer,information,no,https://ird.gov.ai/home/onlineportal,https://ird.gov.ai/Home/Rights,verified_against_official_source
26,certificate_good_standing,tax_clearance,en,How do I apply for a Certificate of Good Standing?,Complete the Application for Certificate of Good Standing available on the IRD Forms and Guides page. A standard non-refundable fee of EC$50 applies. The IRD may need to review your tax accounts before issuing the certificate.,certificate good standing|tax clearance|good standing certificate|tax compliance certificate|clearance fee,link,yes_for_status_or_approval,https://ird.gov.ai/Forms,https://ird.gov.ai/Home/Rights,verified_against_official_source
27,exact_tax_amount,account_specific,en,Can A.I.D.A. tell me my exact tax balance or amount due?,"No. A.I.D.A. can explain published rates, forms and deadlines, but it cannot verify identity or access a taxpayer's secure account to provide an exact balance. Sign in to the official IRD portal or contact an authorised IRD officer through a secure channel.",exact tax balance|how much tax do I owe|amount due|outstanding tax|personal balance|account balance|verify identity|secure portal,refusal_and_escalation,yes,https://ird.gov.ai/Home/Contact,https://ird.gov.ai/Home/Rights,verified_against_official_source_2026_07_31
28,private_account_information,privacy,en,Can A.I.D.A. show another person's or business's tax records?,"No. Tax records, balances, payment histories and filing information are private and confidential. A.I.D.A. must not disclose another person's or business's information. Account owners or authorised representatives should use the secure IRD portal or contact the IRD directly.",another person's tax records|another business tax records|payment history|private tax information|confidentiality|disclose records|someone else's account,refusal_and_escalation,yes,https://ird.gov.ai/Home/Contact,https://ird.gov.ai/Home/Rights,verified_against_official_source_2026_07_31
29,portal_password_help,technical_support,en,What should I do if I cannot access my portal account or reset my password?,"Use the account-recovery options on the MyGovernment Portal. If you do not receive the recovery message or the reset still fails, do not share your password, authentication code or taxpayer records with the chatbot. Contact the IRD for secure help with the portal or authorisation code.",portal password|forgot password|reset password|account recovery|authorisation code|authorization code|cannot access portal|password reset failed,escalation,yes_if_self_service_fails,https://ird.gov.ai/Home/Contact,https://ird.gov.ai/home/onlineportal,verified_against_official_source_2026_07_31
30,objection_or_dispute,appeals,en,What should I do if I disagree with an assessment or IRD decision?,"Taxpayers have the right to object, appeal and be heard. Because the correct process and deadline depend on the decision involved, contact the IRD promptly for the appropriate form and instructions. A Property Valuation Objection Form is available for property valuation matters.",dispute assessment|object assessment|appeal tax decision|wrong assessment|property valuation objection|complaint,escalation,yes,https://ird.gov.ai/Home/Contact,https://ird.gov.ai/Home/Rights,verified_general_right_and_safe_escalation
31,taxpayer_registration,registration,en,Can I register for an IRD taxpayer account if I am self-employed?,"Select the registration form that matches your situation: F1 for an individual, F2 for an individual enterprise, or F3 for a non-individual enterprise. Complete the form and submit the required identification and supporting documents to the IRD.",register taxpayer|taxpayer registration|new taxpayer|tax registration|TIN|tax identification number|F1|F2|F3,link,no,https://ird.gov.ai/Forms,https://ird.gov.ai/Services/Tax/business_licence,draft_related_question
32,taxpayer_registration,registration,en,What information do I need before registering as a taxpayer?,"Select the registration form that matches your situation: F1 for an individual, F2 for an individual enterprise, or F3 for a non-individual enterprise. Complete the form and submit the required identification and supporting documents to the IRD.",register taxpayer|taxpayer registration|new taxpayer|tax registration|TIN|tax identification number|F1|F2|F3,link,no,https://ird.gov.ai/Forms,https://ird.gov.ai/Services/Tax/business_licence,draft_related_question
33,taxpayer_registration,registration,en,Do individuals and businesses use the same taxpayer registration process?,"Select the registration form that matches your situation: F1 for an individual, F2 for an individual enterprise, or F3 for a non-individual enterprise. Complete the form and submit the required identification and supporting documents to the IRD.",register taxpayer|taxpayer registration|new taxpayer|tax registration|TIN|tax identification number|F1|F2|F3,link,no,https://ird.gov.ai/Forms,https://ird.gov.ai/Services/Tax/business_licence,draft_related_question
34,taxpayer_registration,registration,en,What should I do if my taxpayer registration details are incorrect?,"Select the registration form that matches your situation: F1 for an individual, F2 for an individual enterprise, or F3 for a non-individual enterprise. Complete the form and submit the required identification and supporting documents to the IRD.",register taxpayer|taxpayer registration|new taxpayer|tax registration|TIN|tax identification number|F1|F2|F3,link,no,https://ird.gov.ai/Forms,https://ird.gov.ai/Services/Tax/business_licence,draft_related_question
35,taxpayer_registration,registration,en,Can a new business register with the IRD before it starts trading?,"Select the registration form that matches your situation: F1 for an individual, F2 for an individual enterprise, or F3 for a non-individual enterprise. Complete the form and submit the required identification and supporting documents to the IRD.",register taxpayer|taxpayer registration|new taxpayer|tax registration|TIN|tax identification number|F1|F2|F3,link,no,https://ird.gov.ai/Forms,https://ird.gov.ai/Services/Tax/business_licence,draft_related_question
36,taxpayer_registration,registration,en,How do I update my taxpayer contact information?,"Select the registration form that matches your situation: F1 for an individual, F2 for an individual enterprise, or F3 for a non-individual enterprise. Complete the form and submit the required identification and supporting documents to the IRD.",register taxpayer|taxpayer registration|new taxpayer|tax registration|TIN|tax identification number|F1|F2|F3,link,no,https://ird.gov.ai/Forms,https://ird.gov.ai/Services/Tax/business_licence,draft_related_question
37,taxpayer_registration,registration,en,What should I do if I cannot find my taxpayer identification information?,"Select the registration form that matches your situation: F1 for an individual, F2 for an individual enterprise, or F3 for a non-individual enterprise. Complete the form and submit the required identification and supporting documents to the IRD.",register taxpayer|taxpayer registration|new taxpayer|tax registration|TIN|tax identification number|F1|F2|F3,link,no,https://ird.gov.ai/Forms,https://ird.gov.ai/Services/Tax/business_licence,draft_related_question
38,taxpayer_registration,registration,en,Can someone else register a business on my behalf?,"Select the registration form that matches your situation: F1 for an individual, F2 for an individual enterprise, or F3 for a non-individual enterprise. Complete the form and submit the required identification and supporting documents to the IRD.",register taxpayer|taxpayer registration|new taxpayer|tax registration|TIN|tax identification number|F1|F2|F3,link,no,https://ird.gov.ai/Forms,https://ird.gov.ai/Services/Tax/business_licence,draft_related_question
39,business_licence,business_licence,en,What documents may be needed for a business licence application?,"A person who wants to operate a business must first apply to the Commerce Unit in the Ministry of Finance for a Business Licence. After approval, the business owner must register the business with the IRD and pay the required fees. The IRD then issues the business licence certificate.",new business licence|new business license|start business|open business|register business|business application,link,no,https://ird.gov.ai/Forms,https://ird.gov.ai/Services/Tax/business_licence,draft_related_question
40,business_licence,business_licence,en,How can I check the status of a business licence application?,"A person who wants to operate a business must first apply to the Commerce Unit in the Ministry of Finance for a Business Licence. After approval, the business owner must register the business with the IRD and pay the required fees. The IRD then issues the business licence certificate.",new business licence|new business license|start business|open business|register business|business application,link,no,https://ird.gov.ai/Forms,https://ird.gov.ai/Services/Tax/business_licence,draft_related_question
41,business_licence,business_licence,en,What happens if my business licence has expired?,"A person who wants to operate a business must first apply to the Commerce Unit in the Ministry of Finance for a Business Licence. After approval, the business owner must register the business with the IRD and pay the required fees. The IRD then issues the business licence certificate.",new business licence|new business license|start business|open business|register business|business application,link,no,https://ird.gov.ai/Forms,https://ird.gov.ai/Services/Tax/business_licence,draft_related_question
42,business_licence,business_licence,en,Can I operate while my business licence renewal is being processed?,"A person who wants to operate a business must first apply to the Commerce Unit in the Ministry of Finance for a Business Licence. After approval, the business owner must register the business with the IRD and pay the required fees. The IRD then issues the business licence certificate.",new business licence|new business license|start business|open business|register business|business application,link,no,https://ird.gov.ai/Forms,https://ird.gov.ai/Services/Tax/business_licence,draft_related_question
43,business_licence,business_licence,en,How do I update the information on my business licence?,"A person who wants to operate a business must first apply to the Commerce Unit in the Ministry of Finance for a Business Licence. After approval, the business owner must register the business with the IRD and pay the required fees. The IRD then issues the business licence certificate.",new business licence|new business license|start business|open business|register business|business application,link,no,https://ird.gov.ai/Forms,https://ird.gov.ai/Services/Tax/business_licence,draft_related_question
44,business_licence,business_licence,en,What should I do if my business changes its name?,"A person who wants to operate a business must first apply to the Commerce Unit in the Ministry of Finance for a Business Licence. After approval, the business owner must register the business with the IRD and pay the required fees. The IRD then issues the business licence certificate.",new business licence|new business license|start business|open business|register business|business application,link,no,https://ird.gov.ai/Forms,https://ird.gov.ai/Services/Tax/business_licence,draft_related_question
45,business_licence,business_licence,en,What should I do if my business changes location?,"A person who wants to operate a business must first apply to the Commerce Unit in the Ministry of Finance for a Business Licence. After approval, the business owner must register the business with the IRD and pay the required fees. The IRD then issues the business licence certificate.",new business licence|new business license|start business|open business|register business|business application,link,no,https://ird.gov.ai/Forms,https://ird.gov.ai/Services/Tax/business_licence,draft_related_question
46,business_licence,business_licence,en,Does changing the owner of a business affect its licence?,"A person who wants to operate a business must first apply to the Commerce Unit in the Ministry of Finance for a Business Licence. After approval, the business owner must register the business with the IRD and pay the required fees. The IRD then issues the business licence certificate.",new business licence|new business license|start business|open business|register business|business application,link,no,https://ird.gov.ai/Forms,https://ird.gov.ai/Services/Tax/business_licence,draft_related_question
47,business_licence,business_licence,en,Where can I find the current business licence application forms?,"A person who wants to operate a business must first apply to the Commerce Unit in the Ministry of Finance for a Business Licence. After approval, the business owner must register the business with the IRD and pay the required fees. The IRD then issues the business licence certificate.",new business licence|new business license|start business|open business|register business|business application,link,no,https://ird.gov.ai/Forms,https://ird.gov.ai/Services/Tax/business_licence,draft_related_question
48,business_licence,business_licence,en,Can the chatbot tell me the exact business licence fee for my business type?,"A person who wants to operate a business must first apply to the Commerce Unit in the Ministry of Finance for a Business Licence. After approval, the business owner must register the business with the IRD and pay the required fees. The IRD then issues the business licence certificate.",new business licence|new business license|start business|open business|register business|business application,link,no,https://ird.gov.ai/Forms,https://ird.gov.ai/Services/Tax/business_licence,draft_related_question
49,general_services_tax_registration,general_services_tax,en,Who is required to register for General Services Tax in Anguilla?,"Most businesses providing taxable services must register when annual taxable turnover reaches EC$300,000. Registration is mandatory regardless of turnover for short-term accommodation providers, auctioneers and statutory bodies that provide taxable services. A business that also provides taxable services should confirm its position with the IRD even if some of its activities are exempt.",GST registration|General Services Tax registration|EC$300000 threshold|300000 turnover|mandatory registration|short-term accommodation|hotels|auctioneers|statutory bodies,information_and_escalation,yes_if_uncertain,https://ird.gov.ai/Home/Contact,https://ird.gov.ai/News/Details/67,verified_against_official_source_2026_07_31
50,general_services_tax_taxability,general_services_tax,en,Which business activities are exempt from General Services Tax?,"IRD guidance identifies wholesale and retail, restaurants, manufacturing, and ad hoc or seasonal providers of public entertainment as sectors that may not be required to register, charge or collect General Services Tax. However, a business may still need to register if it also provides taxable services and meets the registration requirement. Confirm mixed or unusual activities with the IRD.",GST exempt|General Services Tax exempt|wholesale|retail|restaurant|manufacturing|public entertainment|taxable services|mixed activities|deregistration,information_and_escalation,yes_if_uncertain,https://ird.gov.ai/Home/Contact,https://ird.gov.ai/News/Details/67,verified_against_official_source_2026_07_31
51,general_services_tax_registration_vs_filing,general_services_tax,en,What is the difference between General Services Tax registration and filing a return?,"Registration creates the business's General Services Tax account and confirms that it must follow the regime. Filing is the recurring submission of the return for each tax period after registration. Registered taxpayers must file by the due date, including a nil return when there were no transactions during the period.",GST registration versus filing|register GST|file GST return|nil return|tax account|tax period,information,no,https://ird.gov.ai/Forms,https://ird.gov.ai/Content/documents/GST%20GUIDE%20-COMPLETING%20THE%20GENERAL%20SERVICES%20TAX%20RETURN.pdf,verified_against_official_source_2026_07_31
52,tax_records_retention,taxpayer_obligations,en,What records should a taxpayer or GST-registered business keep?,"Taxpayers should keep proper books and supporting records in Anguilla, in English and in Eastern Caribbean Dollars (XCD), and make them available to IRD officers for audit when required. Records must be kept for seven years. GST records should include proper tax invoices, receipts, credit or debit notes, Customs declarations and other documents supporting sales, purchases and input-tax claims.",records|books and records|seven years|7 years|English|XCD|Eastern Caribbean Dollars|audit|tax invoices|receipts|credit notes|debit notes|Customs declarations|input tax,information,no,https://ird.gov.ai/Home/Rights,https://ird.gov.ai/Home/Rights,verified_against_official_source_2026_07_31
53,general_services_tax_return_correction,general_services_tax,en,How do I correct an error on a General Services Tax return?,"Do not submit replacement figures blindly. Review the period, supporting invoices and any credit or debit notes, then contact the IRD for the correct amendment or adjustment process. The return guide provides adjustment lines for amounts relating to earlier periods, but the appropriate treatment depends on when the original sale, purchase and adjustment occurred.",correct GST return|wrong figures|amend return|adjustment|credit note|debit note|previous period error,information_and_escalation,yes_if_uncertain,https://ird.gov.ai/Home/Contact,https://ird.gov.ai/Content/documents/GST%20GUIDE%20-COMPLETING%20THE%20GENERAL%20SERVICES%20TAX%20RETURN.pdf,verified_against_official_source_2026_07_31
54,general_services_tax_nil_return,general_services_tax,en,What happens if my business has no General Services Tax activity for a reporting period?,A registered taxpayer must still submit a nil return when no transactions occurred during the tax period. File it by the normal deadline to avoid late-filing penalties.,no GST activity|nil return|zero activity|no transactions|file zero return,information,no,https://services.gov.ai,https://ird.gov.ai/Content/documents/GST%20GUIDE%20-COMPLETING%20THE%20GENERAL%20SERVICES%20TAX%20RETURN.pdf,verified_against_official_source_2026_07_31
55,general_services_tax_late_return,general_services_tax,en,What happens if a General Services Tax return or payment is late?,"Published General Services Tax guidance states that late filing may attract EC$50 per day up to EC$2,000, or 10% of tax payable for each month or part of a month, whichever is greater. The daily penalty applies to a late nil or credit return. Late payment may attract a 20% penalty plus 1% interest for each month or part of a month that the amount remains outstanding. Contact the IRD for the official assessment on your account.",late GST return|GST penalty|late General Services Tax|EC$50 per day|EC$2000|10 percent|20 percent|1 percent interest|nil return penalty,information_and_escalation,yes_for_exact_assessment,https://ird.gov.ai/Home/Contact,https://ird.gov.ai/Content/documents/GST%20GUIDE%20-COMPLETING%20THE%20GENERAL%20SERVICES%20TAX%20RETURN.pdf,verified_against_official_source_2026_07_31
56,general_services_tax_period,general_services_tax,en,How can I confirm which General Services Tax period I am filing?,"The tax period is the calendar month covered by the return, and the return is normally due on the 20th of the following month. Check the period and due date shown in the IRD portal before submitting. If the period is missing or incorrect, contact the IRD rather than filing under the wrong account.",GST tax period|return period|which month|filing period|due date|wrong period,information,no,https://ird.gov.ai/Home/Contact,https://ird.gov.ai/Content/documents/GST%20GUIDE%20-COMPLETING%20THE%20GENERAL%20SERVICES%20TAX%20RETURN.pdf,verified_against_official_source_2026_07_31
57,general_services_tax_portal_problem,general_services_tax,en,What should I do if I cannot access General Services Tax filing online?,"Try the official portal again, confirm that you selected the correct taxpayer and General Services Tax account, and keep evidence of any error message. Do not send passwords or authentication codes to the chatbot. Contact the IRD promptly if the service or return does not appear, especially when a deadline is near.",GST portal not working|cannot file online|missing GST return|technical error|deadline,technical_support_and_escalation,yes_if_self_service_fails,https://ird.gov.ai/Home/Contact,https://ird.gov.ai/home/onlineportal,verified_against_official_source_2026_07_31
58,general_services_tax,general_services_tax,en,How is General Services Tax different from GST?,"The former Goods and Services Tax covered imports and domestic supplies of goods and services. From August 1, 2025, General Services Tax applies to taxable domestic services at a standard rate of 13%, while the separate Goods Tax applies to goods imported for home use. The standard Goods Tax rate in the amended tariff is generally 9%, with specified goods at 0%.",difference General Services Tax GST|old GST|new GST|Goods Tax|imports|13 percent services|9 percent goods,information,no,https://ird.gov.ai/MediaCenter/Documents,https://ird.gov.ai/Services/Tax/GenST,verified_against_official_source_2026_07_31
59,general_services_tax,general_services_tax,en,How do I know which General Services Tax rules apply to me?,"The rules depend on whether your supplies are standard-rated, zero-rated or exempt, whether you make mixed supplies, and whether you meet a registration rule. Review the General Services Tax Act, Regulations and sector guidance, then contact the IRD when your activities cross more than one category.",which GST rules|standard-rated|zero-rated|exempt|mixed supplies|sector guidance|registration rule,information_and_escalation,yes_if_uncertain,https://ird.gov.ai/Home/Contact,https://ird.gov.ai/Services/Tax/GenST,verified_against_official_source_2026_07_31
60,general_services_tax,general_services_tax,en,Where can I find guidance about General Services Tax returns?,"Use the IRD General Services Tax page, the General Services Tax Return Form and the official guide for completing the return. These explain the tax period, due date, output tax, input tax, adjustments, penalties and the online filing process.",GST guide|General Services Tax guide|return form|completing GST return|instructions,information,no,https://ird.gov.ai/Forms,https://ird.gov.ai/Services/Tax/GenST,verified_against_official_source_2026_07_31
61,deadlines,deadlines,en,Where can I check the IRD calendar for upcoming tax deadlines?,"Use the official IRD Tax Calendar for the exact working-day dates. The main recurring deadlines are: Universal Social Levy by the 10th of each month; General Services Tax by the 20th of each month; Property Tax first instalment by June 1 and second instalment by December 1; and Liquor Licence court sessions each quarter, normally on the second day of January, April, July and October, adjusted when that date falls on a weekend or public holiday.",tax calendar|deadlines|USL 10th|GST 20th|Property Tax June 1|Property Tax December 1|Liquor Licence quarterly|January April July October,link,no,https://ird.gov.ai/Calendar,https://ird.gov.ai/Calendar,verified_against_official_source_2026_07_31
62,deadlines,deadlines,en,What is the deadline for a return if the normal due date falls on a weekend or holiday?,"For General Services Tax, when the 20th falls on a weekend or public holiday, the return and payment are due on the next working day. Other deadlines may also be adjusted on the official Tax Calendar, so check the calendar for the specific tax and period.",weekend deadline|public holiday deadline|next working day|tax due date adjusted,link,no,https://ird.gov.ai/Calendar,https://ird.gov.ai/Calendar,verified_against_official_source_2026_07_31
63,deadlines,deadlines,en,How can I avoid missing an IRD filing deadline?,"Check the IRD Tax Calendar at the start of each month, record the deadlines that apply to your accounts, prepare supporting records early and submit before the final day. Registered General Services Tax taxpayers must also file a nil return when there was no activity.",avoid missing deadline|tax reminders|prepare early|nil return|filing calendar,link,no,https://ird.gov.ai/Calendar,https://ird.gov.ai/Calendar,verified_against_official_source_2026_07_31
64,deadlines,deadlines,en,Can the chatbot remind me about an upcoming IRD deadline?,"A.I.D.A. can tell you the published deadline during the current chat, but it does not automatically send future reminders. Use the official IRD Tax Calendar and add the applicable dates to your own calendar.",remind me|deadline reminder|notification|calendar alert,link,no,https://ird.gov.ai/Calendar,https://ird.gov.ai/Calendar,verified_against_official_source_2026_07_31
65,usl,usl,en,Who needs to register or account for the Universal Social Levy?,"Employers must account for Universal Social Levy for employees, and self-employed persons must account for their own levy. Employees earning over EC$2,000 per month pay 3%, employers match 3% on remuneration up to EC$12,000 per month, and self-employed persons pay 6% once gross monthly earnings exceed EC$2,000. Returns may still be required for persons below the threshold.",who pays USL|employer USL|employee USL|self-employed USL|3 percent|6 percent|EC$2000|EC$12000,information,no,https://ird.gov.ai/Services/Details/5,https://ird.gov.ai/Services/Details/5,verified_against_official_source_2026_07_31
66,usl,usl,en,How do I file a Universal Social Levy return?,"Use the USL Employee Form or USL Self-Employed Form from the IRD Forms page, or file through the available online service for your account. Submit the return and payment no later than 10 days after the end of the calendar month.",file USL return|USL Employee Form|USL Self-Employed Form|USL online|10th,information,no,https://ird.gov.ai/Forms,https://ird.gov.ai/Services/Details/5,verified_against_official_source_2026_07_31
67,usl,usl,en,What information is needed for a USL return?,"Prepare the taxpayer or employer details, the relevant month, employee remuneration or self-employed gross earnings, the levy calculation and any supporting payroll or income records. Use the correct USL Employee or Self-Employed Form and contact the IRD if a required account or field is unclear.",USL return information|payroll|employee remuneration|gross earnings|USL form,information,no,https://ird.gov.ai/Forms,https://ird.gov.ai/Services/Details/5,verified_against_official_source_2026_07_31
68,usl,usl,en,What should I do if I discover an error in a USL return?,"Review the affected month and supporting payroll or income records, then contact the IRD for the correct amendment process. Do not submit a second return or change figures without confirming how the correction should be recorded.",correct USL return|USL error|wrong USL figures|amend USL,information_and_escalation,yes,https://ird.gov.ai/Home/Contact,https://ird.gov.ai/Services/Details/5,verified_against_official_source_2026_07_31
69,usl,usl,en,Can I ask the IRD to confirm whether my USL account is up to date?,"The Universal Social Levy, formerly called the Interim Stabilisation Levy, is a 3% levy on the gross salary or wages of employees earning over EC$2,000 per month. Employers match 3% on remuneration up to EC$12,000 per month. Self-employed persons pay 6% on gross earnings once earnings exceed EC$2,000 per month.",what is USL|Universal Social Levy|ISL|Interim Stabilisation Levy|who pays USL|USL rate,information,no,https://ird.gov.ai/Services/Tax/usl,https://ird.gov.ai/Services/Tax/usl,draft_related_question
70,penalties,penalties,en,Are penalties automatically applied when a tax return is filed late?,"Late-filing penalties are applied under the rules for the relevant tax. For example, published General Services Tax and USL guidance provides daily or percentage-based penalties. The official assessment on an account is issued by the IRD.",automatic penalty|late return penalty|assessment,information_and_escalation,yes_if_account_specific,https://ird.gov.ai/Home/Contact,https://ird.gov.ai/Calendar,verified_against_official_source_2026_07_31
71,penalties,penalties,en,Can interest or other charges apply when a payment is late?,"Yes. Late payment may attract a penalty, interest or a surcharge depending on the tax. General Services Tax guidance includes a late-payment penalty and monthly interest, while USL guidance includes monthly interest on outstanding amounts.",late payment interest|surcharge|penalty|outstanding tax,information_and_escalation,yes_if_account_specific,https://ird.gov.ai/Home/Contact,https://ird.gov.ai/Calendar,verified_against_official_source_2026_07_31
72,penalties,penalties,en,How can I find out what penalty applies to my situation?,"Check the return guide and Tax Calendar for the specific tax and period. For the exact amount applied to your account, review the Notice of Assessment or contact the IRD, because A.I.D.A. cannot inspect your filing date, balance or payment history.",which penalty applies|exact penalty|Notice of Assessment|tax period,information_and_escalation,yes_for_exact_assessment,https://ird.gov.ai/Home/Contact,https://ird.gov.ai/Calendar,verified_against_official_source_2026_07_31
73,penalties,penalties,en,Can the chatbot calculate my exact late-payment penalty?,"No. A.I.D.A. can explain published penalty rules but cannot calculate an official account-specific penalty without verified filing, payment and assessment information. Use the Notice of Assessment or contact an authorised IRD officer.",calculate exact penalty|late payment calculation|official assessment,refusal_and_escalation,yes,https://ird.gov.ai/Home/Contact,https://ird.gov.ai/Home/Rights,verified_against_official_source_2026_07_31
74,penalties,penalties,en,What should I do if I believe a penalty was applied incorrectly?,"Contact the IRD promptly and provide the Notice of Assessment, tax period, filing evidence and payment records. Taxpayers have the right to challenge the IRD's position, be heard, and object or appeal when the applicable process permits.",penalty incorrect|challenge penalty|object penalty|appeal penalty|Notice of Assessment,escalation,yes,https://ird.gov.ai/Home/Contact,https://ird.gov.ai/Home/Rights,verified_against_official_source_2026_07_31
75,taxpayer_rights_and_obligations,taxpayer_rights,en,Where can I find the IRD information about taxpayer rights and obligations?,"The IRD Taxpayer Rights page explains both rights and obligations. Rights include being informed, fair treatment, privacy, confidentiality, quality service, the right to challenge the IRD's position and be heard, and the right to object or appeal. Obligations include registering for applicable taxes and licences, filing and paying on time, keeping proper records in Anguilla in English and XCD for seven years, presenting records for audit and notifying the IRD when details change.",taxpayer rights|taxpayer obligations|fair treatment|privacy|confidentiality|quality service|challenge|object|appeal|records seven years|notify changes,information_and_escalation,yes_if_account_specific,https://ird.gov.ai/Home/Rights,https://ird.gov.ai/Home/Rights,verified_against_official_source_2026_07_31
76,property_tax,property_tax,en,Who is responsible for paying Property Tax on a property?,"Property Tax may be paid in two instalments. The first instalment is due on or before June 1, and the second instalment is due on or before December 1 each year.",property tax due|property tax deadline|June 1|December 1|property payment,information,no,https://ird.gov.ai/Services/Tax/property_tax,https://ird.gov.ai/Services/Tax/property_tax,draft_related_question
77,property_tax,property_tax,en,How can I find information about my Property Tax account?,"Property Tax may be paid in two instalments. The first instalment is due on or before June 1, and the second instalment is due on or before December 1 each year.",property tax due|property tax deadline|June 1|December 1|property payment,information,no,https://ird.gov.ai/Services/Tax/property_tax,https://ird.gov.ai/Services/Tax/property_tax,draft_related_question
78,property_tax,property_tax,en,What should I do if the information on my Property Tax bill is incorrect?,"Property Tax may be paid in two instalments. The first instalment is due on or before June 1, and the second instalment is due on or before December 1 each year.",property tax due|property tax deadline|June 1|December 1|property payment,information,no,https://ird.gov.ai/Services/Tax/property_tax,https://ird.gov.ai/Services/Tax/property_tax,draft_related_question
79,property_tax,property_tax,en,How can I ask the IRD about a Property Tax bill I do not understand?,"Property Tax may be paid in two instalments. The first instalment is due on or before June 1, and the second instalment is due on or before December 1 each year.",property tax due|property tax deadline|June 1|December 1|property payment,information,no,https://ird.gov.ai/Services/Tax/property_tax,https://ird.gov.ai/Services/Tax/property_tax,draft_related_question
80,property_tax,property_tax,en,How do I find the current Property Tax forms and guidance?,"Property Tax may be paid in two instalments. The first instalment is due on or before June 1, and the second instalment is due on or before December 1 each year.",property tax due|property tax deadline|June 1|December 1|property payment,information,no,https://ird.gov.ai/Services/Tax/property_tax,https://ird.gov.ai/Services/Tax/property_tax,draft_related_question
81,property_tax,property_tax,en,What should I do if I have questions about a Property Tax exemption?,"Property Tax may be paid in two instalments. The first instalment is due on or before June 1, and the second instalment is due on or before December 1 each year.",property tax due|property tax deadline|June 1|December 1|property payment,information,no,https://ird.gov.ai/Services/Tax/property_tax,https://ird.gov.ai/Services/Tax/property_tax,draft_related_question
82,vehicle_licence,vehicle_licence,en,What should I do if my vehicle licence has expired?,"Take the vehicle to the Vehicle Inspection Centre at MICUHT for examination. If the vehicle is roadworthy, you will receive a signed inspection certificate. Present that certificate to the IRD cashier and pay the licensing fee to receive the receipt and licence decal.",license vehicle|licence vehicle|renew vehicle|vehicle inspection|car licence|car license|vehicle decal,information,no,https://ird.gov.ai/Services/Details/3,https://ird.gov.ai/Services/Details/3,draft_related_question
83,vehicle_licence,vehicle_licence,en,How do I replace a vehicle registration document?,"Take the vehicle to the Vehicle Inspection Centre at MICUHT for examination. If the vehicle is roadworthy, you will receive a signed inspection certificate. Present that certificate to the IRD cashier and pay the licensing fee to receive the receipt and licence decal.",license vehicle|licence vehicle|renew vehicle|vehicle inspection|car licence|car license|vehicle decal,information,no,https://ird.gov.ai/Services/Details/3,https://ird.gov.ai/Services/Details/3,draft_related_question
84,vehicle_licence,vehicle_licence,en,What is the process for transferring a vehicle registration?,"Take the vehicle to the Vehicle Inspection Centre at MICUHT for examination. If the vehicle is roadworthy, you will receive a signed inspection certificate. Present that certificate to the IRD cashier and pay the licensing fee to receive the receipt and licence decal.",license vehicle|licence vehicle|renew vehicle|vehicle inspection|car licence|car license|vehicle decal,information,no,https://ird.gov.ai/Services/Details/3,https://ird.gov.ai/Services/Details/3,draft_related_question
85,vehicle_licence,vehicle_licence,en,Can I check vehicle licence requirements online?,"Take the vehicle to the Vehicle Inspection Centre at MICUHT for examination. If the vehicle is roadworthy, you will receive a signed inspection certificate. Present that certificate to the IRD cashier and pay the licensing fee to receive the receipt and licence decal.",license vehicle|licence vehicle|renew vehicle|vehicle inspection|car licence|car license|vehicle decal,information,no,https://ird.gov.ai/Services/Details/3,https://ird.gov.ai/Services/Details/3,draft_related_question
86,vehicle_licence,vehicle_licence,en,What should I do if the information on my vehicle registration is wrong?,"Take the vehicle to the Vehicle Inspection Centre at MICUHT for examination. If the vehicle is roadworthy, you will receive a signed inspection certificate. Present that certificate to the IRD cashier and pay the licensing fee to receive the receipt and licence decal.",license vehicle|licence vehicle|renew vehicle|vehicle inspection|car licence|car license|vehicle decal,information,no,https://ird.gov.ai/Services/Details/3,https://ird.gov.ai/Services/Details/3,draft_related_question
87,driver_licence,driver_licence,en,What should I do if I cannot find the driver's licence form I need?,"The IRD Forms and Guides page includes the Application for a New Driver's Licence, the Driver's Licence Renewal Form and the Temporary Driver's Licence Register.",driver licence form|driver license form|renew driver's licence|new driver's licence|temporary licence,link,no,https://ird.gov.ai/Forms,https://ird.gov.ai/Forms,draft_related_question
88,online_portal,online_portal,en,Can I submit tax returns through the online portal?,"Sign in to the Anguilla MyGovernment Portal, open the IRD Portal and select the taxpayer or business you represent. Your active taxes and licences will be displayed. Select the relevant tax account and follow the filing instructions. Contact the IRD if the account or return does not appear.",file online|online filing|submit return|tax return portal|how to file|IRD portal filing,link,no_unless_account_missing,https://services.gov.ai,https://ird.gov.ai/home/onlineportal,draft_related_question
89,online_portal,online_portal,en,How do I know whether a service can be completed online?,"Sign in to the Anguilla MyGovernment Portal, open the IRD Portal and select the taxpayer or business you represent. Your active taxes and licences will be displayed. Select the relevant tax account and follow the filing instructions. Contact the IRD if the account or return does not appear.",file online|online filing|submit return|tax return portal|how to file|IRD portal filing,link,no_unless_account_missing,https://services.gov.ai,https://ird.gov.ai/home/onlineportal,draft_related_question
90,online_portal,online_portal,en,What should I do if the online portal is not working?,"Sign in to the Anguilla MyGovernment Portal, open the IRD Portal and select the taxpayer or business you represent. Your active taxes and licences will be displayed. Select the relevant tax account and follow the filing instructions. Contact the IRD if the account or return does not appear.",file online|online filing|submit return|tax return portal|how to file|IRD portal filing,link,no_unless_account_missing,https://services.gov.ai,https://ird.gov.ai/home/onlineportal,draft_related_question
91,online_portal,online_portal,en,Can I access the IRD portal from a mobile phone?,"Sign in to the Anguilla MyGovernment Portal, open the IRD Portal and select the taxpayer or business you represent. Your active taxes and licences will be displayed. Select the relevant tax account and follow the filing instructions. Contact the IRD if the account or return does not appear.",file online|online filing|submit return|tax return portal|how to file|IRD portal filing,link,no_unless_account_missing,https://services.gov.ai,https://ird.gov.ai/home/onlineportal,draft_related_question
92,online_portal,online_portal,en,What should I do if I did not receive my portal registration code?,"Sign in to the Anguilla MyGovernment Portal, open the IRD Portal and select the taxpayer or business you represent. Your active taxes and licences will be displayed. Select the relevant tax account and follow the filing instructions. Contact the IRD if the account or return does not appear.",file online|online filing|submit return|tax return portal|how to file|IRD portal filing,link,no_unless_account_missing,https://services.gov.ai,https://ird.gov.ai/home/onlineportal,draft_related_question
93,online_portal,online_portal,en,Can I use the portal to view my tax information?,"Sign in to the Anguilla MyGovernment Portal, open the IRD Portal and select the taxpayer or business you represent. Your active taxes and licences will be displayed. Select the relevant tax account and follow the filing instructions. Contact the IRD if the account or return does not appear.",file online|online filing|submit return|tax return portal|how to file|IRD portal filing,link,no_unless_account_missing,https://services.gov.ai,https://ird.gov.ai/home/onlineportal,draft_related_question
94,online_portal,online_portal,en,How do I know whether my online submission was successful?,"Sign in to the Anguilla MyGovernment Portal, open the IRD Portal and select the taxpayer or business you represent. Your active taxes and licences will be displayed. Select the relevant tax account and follow the filing instructions. Contact the IRD if the account or return does not appear.",file online|online filing|submit return|tax return portal|how to file|IRD portal filing,link,no_unless_account_missing,https://services.gov.ai,https://ird.gov.ai/home/onlineportal,draft_related_question
95,payments,payments,en,Where can I find instructions for making an IRD payment?,"Payments can be made at the IRD office by cash, cheque, Visa or MasterCard debit or credit card. Payments may also be made online through the E-pay Portal or to the Government of Anguilla bank accounts listed on a Notice of Assessment.",pay taxes|payment methods|pay online|cash|cheque|credit card|debit card|bank transfer,information,no,https://ird.gov.ai/home/onlineportal,https://ird.gov.ai/Home/Rights,draft_related_question
96,payments,payments,en,How can I make sure a payment is credited to the correct account?,"Payments can be made at the IRD office by cash, cheque, Visa or MasterCard debit or credit card. Payments may also be made online through the E-pay Portal or to the Government of Anguilla bank accounts listed on a Notice of Assessment.",pay taxes|payment methods|pay online|cash|cheque|credit card|debit card|bank transfer,information,no,https://ird.gov.ai/home/onlineportal,https://ird.gov.ai/Home/Rights,draft_related_question
97,payments,payments,en,What should I do if I made a payment but it is not showing on my account?,"Payments can be made at the IRD office by cash, cheque, Visa or MasterCard debit or credit card. Payments may also be made online through the E-pay Portal or to the Government of Anguilla bank accounts listed on a Notice of Assessment.",pay taxes|payment methods|pay online|cash|cheque|credit card|debit card|bank transfer,information,no,https://ird.gov.ai/home/onlineportal,https://ird.gov.ai/Home/Rights,draft_related_question
98,payments,payments,en,Can the chatbot confirm whether my payment has been received?,"Payments can be made at the IRD office by cash, cheque, Visa or MasterCard debit or credit card. Payments may also be made online through the E-pay Portal or to the Government of Anguilla bank accounts listed on a Notice of Assessment.",pay taxes|payment methods|pay online|cash|cheque|credit card|debit card|bank transfer,information,no,https://ird.gov.ai/home/onlineportal,https://ird.gov.ai/Home/Rights,draft_related_question
99,payments,payments,en,Where can I find information about paying through the online portal?,"Payments can be made at the IRD office by cash, cheque, Visa or MasterCard debit or credit card. Payments may also be made online through the E-pay Portal or to the Government of Anguilla bank accounts listed on a Notice of Assessment.",pay taxes|payment methods|pay online|cash|cheque|credit card|debit card|bank transfer,information,no,https://ird.gov.ai/home/onlineportal,https://ird.gov.ai/Home/Rights,draft_related_question
100,tax_clearance,tax_clearance,en,What is a Certificate of Good Standing used for?,Complete the Application for Certificate of Good Standing available on the IRD Forms and Guides page. A standard non-refundable fee of EC$50 applies. The IRD may need to review your tax accounts before issuing the certificate.,certificate good standing|tax clearance|good standing certificate|tax compliance certificate|clearance fee,link,yes_for_status_or_approval,https://ird.gov.ai/Forms,https://ird.gov.ai/Home/Rights,draft_related_question
101,tax_clearance,tax_clearance,en,What information may be needed to apply for a Certificate of Good Standing?,Complete the Application for Certificate of Good Standing available on the IRD Forms and Guides page. A standard non-refundable fee of EC$50 applies. The IRD may need to review your tax accounts before issuing the certificate.,certificate good standing|tax clearance|good standing certificate|tax compliance certificate|clearance fee,link,yes_for_status_or_approval,https://ird.gov.ai/Forms,https://ird.gov.ai/Home/Rights,draft_related_question
102,tax_clearance,tax_clearance,en,How do I find out whether I qualify for a Certificate of Good Standing?,Complete the Application for Certificate of Good Standing available on the IRD Forms and Guides page. A standard non-refundable fee of EC$50 applies. The IRD may need to review your tax accounts before issuing the certificate.,certificate good standing|tax clearance|good standing certificate|tax compliance certificate|clearance fee,link,yes_for_status_or_approval,https://ird.gov.ai/Forms,https://ird.gov.ai/Home/Rights,draft_related_question
103,account_specific,account_specific,en,Can I give the chatbot my taxpayer number to check my account?,"The chatbot can explain published tax rules and deadlines, but it cannot determine your official tax liability from a general question. Sign in to the IRD Portal to view your current obligations or contact an authorised IRD officer for an account-specific calculation.",how much tax do I owe|my tax amount|calculate my tax|exact tax|my liability|amount due,escalation,yes,https://ird.gov.ai/Home/Contact,https://ird.gov.ai/home/onlineportal,draft_related_question
104,privacy,privacy,en,What personal tax information should I avoid entering into the chatbot?,"No. The chatbot must not disclose private, account-specific or confidential taxpayer information. Account owners or authorised representatives should use the secure IRD Portal or contact the IRD directly.",account balance|payment history|has company paid|has person paid|tax compliance status|private tax record|another taxpayer,refusal_and_escalation,yes,https://ird.gov.ai/Home/Contact,https://ird.gov.ai/Home/Rights,draft_related_question
105,appeals,appeals,en,What information should I have before contacting the IRD about a dispute?,"Taxpayers have the right to object, appeal and be heard. Because the correct process and deadline depend on the decision involved, contact the IRD promptly for the appropriate form and instructions. A Property Valuation Objection Form is available for property valuation matters.",dispute assessment|object assessment|appeal tax decision|wrong assessment|property valuation objection|complaint,escalation,yes,https://ird.gov.ai/Home/Contact,https://ird.gov.ai/Home/Rights,draft_related_question
106,goods_tax_imports,goods_tax,en,What is the Goods Tax on imported goods?,"The Goods Tax applies to goods imported into Anguilla for home use and came into force on August 1, 2025. The standard rate shown in the amended Customs tariff is generally 9%, while specified goods are taxed at 0%. The tax is based on the Customs value of the imported goods. Check the current tariff or contact Customs for the rate on a particular item.",Goods Tax|import tax|imported goods|9 percent|0 percent|Customs value|August 1 2025,information_and_escalation,yes_for_item_specific_rate,https://ird.gov.ai/MediaCenter/Documents,https://ird.gov.ai/Content/documents/Act%209%20-%20Goods%20Tax%20Act%2C%202025%20-%20G.pdf,verified_against_official_source_2026_07_31
107,gst_input_tax_tin,general_services_tax,en,Why can an input-tax claim be rejected when the TIN on a Customs entry is missing or incorrect?,"A claim for input tax on an import must be supported by a Customs declaration showing the Tax Identification Number assigned to the registered taxpayer. If the TIN is missing, belongs to a different taxpayer or does not match the registered account, the input-tax claim may be disallowed. Check the TIN before clearing commercial imports and contact the IRD or Customs to correct a mismatch.",input tax credit|TIN missing|TIN mismatch|Customs entry|Customs declaration|claim rejected|import credit,information_and_escalation,yes_if_mismatch,https://ird.gov.ai/Home/Contact,https://ird.gov.ai/News/Details/35,verified_against_official_source_2026_07_31
108,liquor_licence_schedule,liquor_licence,en,When can I apply for or renew a Liquor Licence?,"Special Magistrate's Court sessions for new and renewal Liquor Licences are normally held on the second day of January, April, July and October. If that date falls on a weekend or public holiday, the sitting moves to the next weekday. First-time applicants must apply at least 21 days before the hearing and publish the required notice two weeks before it. After approval, take the approved application to the IRD for payment and issuance of the licence.",Liquor Licence renewal|Liquor License court|quarterly|January 2|April 2|July 2|October 2|21 days|new application,information_and_escalation,yes_for_application_status,https://ird.gov.ai/Services/Tax/liquor-licence,https://ird.gov.ai/Services/Tax/liquor-licence,verified_against_official_source_2026_07_31
109,accommodation_tax_status,legacy_tax,en,Is Accommodation Tax or a Tourism Levy currently charged by the IRD?,"The IRD states that Accommodation Tax was repealed on July 1, 2022 when the former Goods and Services Tax was introduced. The former Accommodation Tax rate was 12%, not 10%. Proprietors may still need to file and pay for outstanding periods before July 1, 2022. For those legacy periods, returns were due within 20 days after each month, with late-filing penalties and interest under the former rules.",Accommodation Tax|Tourism Levy|hotel tax|rental tax|repealed|July 1 2022|12 percent|outstanding period,information_and_escalation,yes_for_legacy_balance,https://ird.gov.ai/Home/Contact,https://ird.gov.ai/Services/Tax/accomodation_tax,verified_against_official_source_2026_07_31
110,political_neutrality,out_of_scope,en,Can A.I.D.A. predict an election or tell me which political party to support?,"No. A.I.D.A. is limited to Inland Revenue Department information and must remain politically neutral. It cannot predict election results, recommend a political party or tell anyone how to vote.",election prediction|who will win election|political party|who should I vote for|politics|vote,refusal,no,,https://ird.gov.ai/Home/about,chatbot_scope_and_neutrality_rule
111,legal_advice_limitation,out_of_scope,en,Can A.I.D.A. give me legal advice about a tax dispute?,"A.I.D.A. can explain general published tax information and IRD procedures, but it cannot provide legal advice or represent you in a dispute. Contact an authorised IRD officer for the applicable process and consult a qualified lawyer for legal advice.",legal advice|tax dispute|lawyer|legal representation|appeal advice,refusal_and_escalation,yes,https://ird.gov.ai/Home/Contact,https://ird.gov.ai/Home/Rights,chatbot_scope_and_safety_rule
112,unauthorised_account_access,security_and_privacy,en,Can A.I.D.A. hack into or gain unauthorised access to a tax account?,"No. A.I.D.A. cannot assist with hacking, bypassing security or accessing any account without authorisation. Use the official account-recovery process for your own account and report suspected unauthorised access to the IRD through a secure channel.",hack tax account|unauthorised access|unauthorized access|bypass password|steal account|account security,refusal_and_escalation,yes_if_security_incident,https://ird.gov.ai/Home/Contact,https://ird.gov.ai/home/onlineportal,chatbot_scope_and_security_rule
113,non_ird_request,out_of_scope,en,"Can A.I.D.A. help with homework, jokes, poems or other non-IRD requests?","A.I.D.A. is designed to answer questions about Anguilla Inland Revenue Department services. It will politely redirect homework, entertainment and other unrelated requests back to IRD topics.",math homework|homework|tell a joke|write a poem|entertainment|unrelated question|non-IRD,redirect,no,https://ird.gov.ai/services,https://ird.gov.ai/Home/about,chatbot_scope_rule
114,business_licence_approval_authority,business_licence,en,Can A.I.D.A. approve my Business Licence application?,"No. A.I.D.A. can explain the published process and point you to the forms, but it cannot review, approve or reject an application. Business Licence applications are handled by authorised government officers, and the IRD issues the licence after the required approval and payment process.",approve business licence|approve business license|application decision|official approval|reject application,refusal_and_escalation,yes,https://ird.gov.ai/Services/Tax/business_licence,https://ird.gov.ai/Services/Tax/business_licence,verified_process_and_chatbot_authority_limit
115,tax_evasion_refusal,compliance_and_safety,en,How can I avoid paying taxes or hide my income?,"A.I.D.A. cannot help with tax evasion, hiding income, false records or other illegal activity. It can explain how to register, file, pay and correct mistakes so that you can comply with the applicable tax rules. Contact the IRD or a qualified tax professional for lawful assistance.",avoid paying taxes|hide income|tax evasion|false records|evade tax|illegal tax advice,refusal_and_redirect,yes_for_compliance_help,https://ird.gov.ai/Home/Contact,https://ird.gov.ai/Home/Rights,chatbot_compliance_and_safety_rule
